Instance,Terminal,Layer,X location,Y location,Voltage
FILLER_10_106,VSS,Metal1,66.3600,54.8800,0.000014
FILLER_10_104,VSS,Metal1,65.5200,54.8800,0.000014
FILLER_10_52,VSS,Metal1,37.5730,55.3415,0.000013
FILLER_10_36,VSS,Metal1,30.7520,55.4280,0.000013
FILLER_10_2,VSS,Metal1,16.1240,55.4775,0.000013
FILLER_9_74,VSS,Metal1,48.4400,54.8800,0.000014
FILLER_9_72,VSS,Metal1,47.6000,54.8800,0.000014
FILLER_9_60,VSS,Metal1,40.6000,54.8800,0.000013
FILLER_9_50,VSS,Metal1,35.2800,54.8800,0.000013
FILLER_9_46,VSS,Metal1,33.2200,54.5310,0.000013
FILLER_9_38,VSS,Metal1,29.7330,54.4180,0.000013
FILLER_9_2,VSS,Metal1,8.4000,54.8800,0.000013
FILLER_8_103,VSS,Metal1,64.9600,47.0400,0.000030
FILLER_8_47,VSS,Metal1,33.3200,47.0400,0.000029
FILLER_8_45,VSS,Metal1,32.4800,47.0400,0.000029
FILLER_8_41,VSS,Metal1,30.4200,47.3885,0.000029
FILLER_8_33,VSS,Metal1,25.7600,47.0400,0.000028
FILLER_8_28,VSS,Metal1,22.6800,47.0400,0.000029
FILLER_8_26,VSS,Metal1,21.8400,47.0400,0.000029
FILLER_7_106,VSS,Metal1,66.3600,47.0400,0.000030
FILLER_6_49,VSS,Metal1,34.4400,39.2000,0.000112
FILLER_6_47,VSS,Metal1,33.6000,39.2000,0.000112
FILLER_5_106,VSS,Metal1,66.3600,39.2000,0.000113
FILLER_5_69,VSS,Metal1,45.6400,39.2000,0.000113
FILLER_5_2,VSS,Metal1,8.4000,39.2000,0.000113
FILLER_4_37,VSS,Metal1,28.0000,31.3600,0.000076
FILLER_4_34,VSS,Metal1,26.0400,31.3600,0.000073
FILLER_3_106,VSS,Metal1,66.3600,31.3600,0.000079
FILLER_2_18,VSS,Metal1,17.0800,23.5200,0.000038
FILLER_1_106,VSS,Metal1,66.3600,23.5200,0.000039
FILLER_1_55,VSS,Metal1,38.0800,23.5200,0.000038
FILLER_1_20,VSS,Metal1,18.2000,23.5200,0.000038
FILLER_1_18,VSS,Metal1,17.3600,23.5200,0.000038
FILLER_0_106,VSS,Metal1,66.3600,15.6800,0.000006
FILLER_0_104,VSS,Metal1,65.5200,15.6800,0.000006
FILLER_0_20,VSS,Metal1,18.2000,15.6800,0.000005
FILLER_0_18,VSS,Metal1,17.3600,15.6800,0.000005
clkload0,VSS,Metal1,15.5465,38.7530,0.000112
clkbuf_1_1__f_clk,VSS,Metal1,52.4935,31.9580,0.000079
clkbuf_1_0__f_clk,VSS,Metal1,30.3860,38.6015,0.000112
clkbuf_0_clk,VSS,Metal1,52.4935,39.7980,0.000113
output15,VSS,Metal1,62.0365,54.5590,0.000014
input14,VSS,Metal1,50.5230,16.0005,0.000006
input13,VSS,Metal1,12.1965,39.5205,0.000113
input12,VSS,Metal1,50.5230,55.2005,0.000014
input11,VSS,Metal1,12.1965,47.3605,0.000029
input10,VSS,Metal1,12.1965,46.7190,0.000029
input9,VSS,Metal1,12.1965,31.6805,0.000073
input8,VSS,Metal1,59.4830,16.0005,0.000006
input7,VSS,Metal1,31.2365,16.0005,0.000005
input6,VSS,Metal1,40.4430,16.0005,0.000005
input5,VSS,Metal1,12.1965,23.1990,0.000038
input4,VSS,Metal1,12.1965,16.0005,0.000005
input3,VSS,Metal1,53.3230,54.5590,0.000014
input2,VSS,Metal1,59.2365,55.2005,0.000014
input1,VSS,Metal1,12.1965,23.8405,0.000038
TAP_TAPCELL_ROW_10_40,VSS,Metal1,64.4000,55.3490,0.000014
TAP_TAPCELL_ROW_10_39,VSS,Metal1,45.3600,55.3490,0.000014
TAP_TAPCELL_ROW_10_38,VSS,Metal1,26.3200,55.3490,0.000012
TAP_TAPCELL_ROW_9_37,VSS,Metal1,46.4800,54.4105,0.000014
TAP_TAPCELL_ROW_8_36,VSS,Metal1,66.0800,47.5090,0.000030
TAP_TAPCELL_ROW_8_35,VSS,Metal1,26.8800,47.5090,0.000028
TAP_TAPCELL_ROW_7_34,VSS,Metal1,46.4800,46.5705,0.000030
TAP_TAPCELL_ROW_6_33,VSS,Metal1,66.0800,39.6690,0.000113
TAP_TAPCELL_ROW_6_32,VSS,Metal1,26.8800,39.6690,0.000112
TAP_TAPCELL_ROW_5_31,VSS,Metal1,46.4800,38.7305,0.000113
TAP_TAPCELL_ROW_4_30,VSS,Metal1,66.0800,31.8290,0.000079
TAP_TAPCELL_ROW_4_29,VSS,Metal1,26.8800,31.8290,0.000076
TAP_TAPCELL_ROW_3_28,VSS,Metal1,46.4800,30.8905,0.000079
TAP_TAPCELL_ROW_2_27,VSS,Metal1,66.0800,23.9890,0.000039
TAP_TAPCELL_ROW_2_26,VSS,Metal1,26.8800,23.9890,0.000035
TAP_TAPCELL_ROW_1_25,VSS,Metal1,46.4800,23.0505,0.000039
TAP_TAPCELL_ROW_0_24,VSS,Metal1,64.4000,16.1490,0.000006
TAP_TAPCELL_ROW_0_23,VSS,Metal1,45.3600,16.1490,0.000006
TAP_TAPCELL_ROW_0_22,VSS,Metal1,26.3200,16.1490,0.000005
PHY_EDGE_ROW_10_Left_21,VSS,Metal1,7.2730,55.3500,0.000013
PHY_EDGE_ROW_9_Left_20,VSS,Metal1,7.2730,54.4100,0.000013
PHY_EDGE_ROW_8_Left_19,VSS,Metal1,7.2730,47.5100,0.000029
PHY_EDGE_ROW_7_Left_18,VSS,Metal1,7.2730,46.5700,0.000029
PHY_EDGE_ROW_6_Left_17,VSS,Metal1,7.2730,39.6700,0.000113
PHY_EDGE_ROW_5_Left_16,VSS,Metal1,7.2730,38.7300,0.000113
PHY_EDGE_ROW_4_Left_15,VSS,Metal1,7.2730,31.8300,0.000073
PHY_EDGE_ROW_3_Left_14,VSS,Metal1,7.2730,30.8900,0.000073
PHY_EDGE_ROW_2_Left_13,VSS,Metal1,7.2730,23.9900,0.000038
PHY_EDGE_ROW_1_Left_12,VSS,Metal1,7.2730,23.0500,0.000038
PHY_EDGE_ROW_0_Left_11,VSS,Metal1,7.2730,16.1500,0.000005
PHY_EDGE_ROW_10_Right_10,VSS,Metal1,67.2065,55.3500,0.000014
PHY_EDGE_ROW_9_Right_9,VSS,Metal1,67.2065,54.4100,0.000014
PHY_EDGE_ROW_8_Right_8,VSS,Metal1,67.2065,47.5100,0.000030
PHY_EDGE_ROW_7_Right_7,VSS,Metal1,67.2065,46.5700,0.000030
PHY_EDGE_ROW_6_Right_6,VSS,Metal1,67.2065,39.6700,0.000113
PHY_EDGE_ROW_5_Right_5,VSS,Metal1,67.2065,38.7300,0.000113
PHY_EDGE_ROW_4_Right_4,VSS,Metal1,67.2065,31.8300,0.000079
PHY_EDGE_ROW_3_Right_3,VSS,Metal1,67.2065,30.8900,0.000079
PHY_EDGE_ROW_2_Right_2,VSS,Metal1,67.2065,23.9900,0.000039
PHY_EDGE_ROW_1_Right_1,VSS,Metal1,67.2065,23.0500,0.000039
PHY_EDGE_ROW_0_Right_0,VSS,Metal1,67.2065,16.1500,0.000006
_79_,VSS,Metal1,36.8175,30.8145,0.000079
_78_,VSS,Metal1,18.8975,54.3345,0.000013
_77_,VSS,Metal1,56.1420,38.6545,0.000113
_76_,VSS,Metal1,56.9775,46.4945,0.000030
_75_,VSS,Metal1,47.1820,47.5850,0.000030
_74_,VSS,Metal1,28.7020,46.4945,0.000029
_73_,VSS,Metal1,16.9420,30.8145,0.000073
_72_,VSS,Metal1,56.1420,22.9745,0.000039
_71_,VSS,Metal1,56.9775,30.8145,0.000079
_70_,VSS,Metal1,56.4175,24.0650,0.000039
_69_,VSS,Metal1,36.5420,24.0650,0.000038
_68_,VSS,Metal1,27.5820,22.9745,0.000038
_67_,VSS,Metal1,23.7100,31.6260,0.000073
_66_,VSS,Metal1,44.4200,23.2125,0.000038
_65_,VSS,Metal1,45.0375,46.7635,0.000030
_64_,VSS,Metal1,60.1000,47.3475,0.000030
_63_,VSS,Metal1,63.5175,47.3160,0.000030
_62_,VSS,Metal1,41.6200,46.7325,0.000030
_61_,VSS,Metal1,42.7975,54.6035,0.000014
_60_,VSS,Metal1,21.1000,39.5075,0.000112
_59_,VSS,Metal1,17.6825,46.7635,0.000029
_58_,VSS,Metal1,18.3000,47.3475,0.000029
_57_,VSS,Metal1,17.6825,39.4760,0.000112
_56_,VSS,Metal1,18.3000,31.6675,0.000073
_55_,VSS,Metal1,28.3225,39.4760,0.000112
_54_,VSS,Metal1,34.5400,31.6675,0.000079
_53_,VSS,Metal1,20.3975,15.9560,0.000005
_52_,VSS,Metal1,22.7800,15.9875,0.000005
_51_,VSS,Metal1,39.5225,23.2435,0.000038
_50_,VSS,Metal1,30.0600,31.6675,0.000079
_49_,VSS,Metal1,36.6375,39.4760,0.000112
_48_,VSS,Metal1,18.8600,23.8275,0.000038
_47_,VSS,Metal1,31.1225,39.4760,0.000112
_46_,VSS,Metal1,23.3400,23.8275,0.000037
_45_,VSS,Metal1,12.0825,38.9235,0.000113
_44_,VSS,Metal1,36.5800,47.3750,0.000029
_43_,VSS,Metal1,44.4200,54.5450,0.000014
_42_,VSS,Metal1,38.8200,54.5450,0.000013
_41_,VSS,Metal1,24.4600,47.3750,0.000028
_40_,VSS,Metal1,25.5800,39.5350,0.000112
_39_,VSS,Metal1,44.0600,55.2150,0.000014
_38_,VSS,Metal1,37.3400,54.5450,0.000013
_37_,VSS,Metal1,41.8200,55.2150,0.000014
_36_,VSS,Metal1,35.1000,47.3750,0.000029
_35_,VSS,Metal1,28.9400,47.3750,0.000029
_34_,VSS,Metal1,9.7000,38.8650,0.000113
